Longitude,Latitude,State,City,Zip
-121.9887,48.525461,WA,Hamilton,98255
-122.05288,48.203856,WA,Arlington,98223
-117.97348,48.733324,WA,Evans,99126
-122.66712,45.681271,WA,Vancouver,98665
-117.08628,47.656171,WA,Liberty Lake,99019
-122.113223,47.066193,WA,Tacoma,98413
-123.02536,46.734909,WA,Galvin,98544
-121.803388,47.432251,WA,Seattle,98111
-122.52996,47.203946,WA,University Place,98467
-124.62202,47.905815,WA,La Push,98350
-122.37096,47.803668,WA,Edmonds,98020
-122.113223,47.066193,WA,Sumner,98352
-122.57987,47.080682,WA,Tacoma,98433
-117.73437,48.269784,WA,Chewelah,99109
-122.09356,47.137872,WA,South Prairie,98389
-117.431742,47.653568,WA,Spokane,99252
-122.78382,47.974586,WA,Chimacum,98325
-122.40547,45.60916,WA,Camas,98607
-122.113223,47.066193,WA,Tacoma,98460
-122.702393,46.978118,WA,Olympia,98507
-122.23308,48.461672,WA,Clearlake,98235
-122.73714,48.961443,WA,Blaine,98230
-122.19644,47.388461,WA,Kent,98031
-117.18648,46.732705,WA,Pullman,99163
-121.02979,47.33394,WA,Ronald,98940
-119.75474,48.559477,WA,Conconully,98819
-122.48209,48.185511,WA,Camano,98282
-122.90699,46.580105,WA,Napavine,98565
-122.9827,46.40521,WA,Vader,98593
-122.92868,47.705616,WA,Brinnon,98320
-117.86164,47.693129,WA,Reardan,99029
-122.1526,47.562975,WA,Bellevue,98006
-122.51962,47.807359,WA,Kingston,98346
-117.29236,48.295497,WA,Usk,99180
-122.43971,47.247671,WA,Tacoma,98402
-122.7222,47.378121,WA,Gig Harbor,98329
-122.77537,47.200168,WA,Longbranch,98351
-123.08647,46.814438,WA,Rochester,98579
-123.76903,46.514625,WA,Menlo,98561
-122.35196,48.414576,WA,Mount Vernon,98273
-121.91915,47.193729,WA,Enumclaw,98022
-122.99802,46.969793,WA,Olympia,98512
-123.10538,47.224044,WA,Shelton,98584
-122.21614,48.093129,WA,Marysville,98271
-122.74407,46.532624,WA,Ethel,98542
-122.18372,47.510739,WA,Renton,98056
-119.860117,47.079243,WA,George,98824
-118.70628,47.756616,WA,Wilbur,99185
-121.803388,47.432251,WA,Seattle,98171
-122.8987,46.308371,WA,Castle Rock,98611
-123.90189,47.355226,WA,Humptulips,98552
-122.113223,47.066193,WA,Tacoma,98418
-122.14104,47.610935,WA,Bellevue,98007
-119.28455,47.133606,WA,Moses Lake,98837
-123.43097,47.26332,WA,Matlock,98560
-121.93734,47.860245,WA,Monroe,98272
-122.113223,47.066193,WA,Tacoma,98455
-117.79563,48.030848,WA,Springdale,99173
-122.57947,45.62104,WA,Vancouver,98664
-121.803388,47.432251,WA,Seattle,98140
-123.76903,46.514625,WA,Nahcotta,98637
-120.694658,46.56451,WA,Brownstown,98920
-123.81031,47.489864,WA,Quinault,98575
-123.890317,47.387674,WA,Neilton,98566
-120.35944,47.782158,WA,Entiat,98822
-118.2979,48.207661,WA,Inchelium,99138
-117.15116,47.648693,WA,Greenacres,99016
-121.47523,45.786727,WA,White Salmon,98672
-122.29237,46.884733,WA,Eatonville,98328
-121.803388,47.432251,WA,Seattle,98145
-122.1887,47.196364,WA,Sumner,98390
-122.48053,47.208987,WA,Tacoma,98409
-123.2798,46.637787,WA,Doty,98539
-122.100892,47.140655,WA,South Prairie,98485
-122.33438,47.61067,WA,Seattle,98101
-119.99,46.342102,WA,Sunnyside,98944
-117.37274,47.844289,WA,Colbert,99005
-118.182764,48.84269,WA,Boyds,99107
-122.033685,47.584879,WA,Sammamish,98075
-122.09819,47.138345,WA,South Prairie,98385
-118.399551,47.60894,WA,Lamona,99144
-122.832799,47.266017,WA,Wauna,98395
-122.113223,47.066193,WA,Tacoma,98471
-117.29833,48.858518,WA,Metaline Falls,99153
-121.39603,47.397811,WA,Snoqualmie Pass,98068
-119.901931,46.731046,WA,Mattawa,99309
-120.26699,46.418933,WA,Zillah,98953
-121.803388,47.432251,WA,Seattle,98185
-121.803388,47.432251,WA,Kirkland,98083
-122.113223,47.066193,WA,Lakewood,98492
-118.69498,48.080515,WA,Keller,99140
-119.09462,46.270249,WA,Pasco,99301
-117.11319,47.463725,WA,Rockford,99030
-122.53345,46.588026,WA,Cinebar,98533
-122.61807,48.852655,WA,Ferndale,98248
-123.02078,47.433993,WA,Tahuya,98588
-120.1843,46.345166,WA,Granger,98932
-122.28348,47.848237,WA,Lynnwood,98037
-118.87987,46.191158,WA,Burbank,99323
-119.0672,46.970666,WA,Warden,98857
-121.803388,47.432251,WA,Seattle,98161
-117.43185,47.663945,WA,Spokane,99201
-122.649953,47.626717,WA,Tracyton,98393
-120.33462,46.35653,WA,Toppenish,98948
-122.85123,46.797382,WA,Bucoda,98530
-122.41196,47.148269,WA,Tacoma,98445
-117.25912,47.646994,WA,Spokane,99206
-123.298384,46.571323,WA,Adna,98522
-122.69055,47.667257,WA,Silverdale,98383
-122.702393,46.978118,WA,East Olympia,98540
-122.45879,47.263971,WA,Tacoma,98403
-120.62421,46.406875,WA,Harrah,98933
-122.80083,46.433226,WA,Toledo,98591
-122.418495,47.308061,WA,Tacoma,98442
-123.40628,48.097144,WA,Port Angeles,98362
-122.33068,47.443756,WA,Seattle,98148
-122.32095,48.900256,WA,Everson,98247
-122.65346,46.593526,WA,Onalaska,98570
-122.3027,47.491327,WA,Seattle,98168
-123.06888,47.521614,WA,Lilliwaup,98555
-120.694658,46.56451,WA,Parker,98939
-122.66335,47.470971,WA,Port Orchard,98367
-118.63676,46.912194,WA,Lind,99341
-122.499139,47.51037,WA,Southworth,98386
-120.97097,46.71207,WA,Naches,98937
-122.7757,46.318482,WA,Silverlake,98645
-119.17443,46.843397,WA,Othello,99344
-118.95248,47.998468,WA,Elmer City,99124
-117.68812,47.583754,WA,Medical Lake,99022
-122.113223,47.066193,WA,Tacoma,98464
-119.160173,46.216706,WA,Kennewick,99536
-122.38803,47.538887,WA,Seattle,98136
-117.644337,46.838747,WA,Hooper,99333
-122.113223,47.066193,WA,Tacoma,98477
-120.47681,48.634796,WA,Mazama,98833
-122.36978,47.740886,WA,Seattle,98177
-122.65093,48.303774,WA,Oak Harbor,98277
-123.872972,48.18315,WA,Carlsborg,98324
-119.12107,46.581454,WA,Mesa,99343
-123.02057,48.612763,WA,Deer Harbor,98243
-122.37678,47.202874,WA,Tacoma,98443
-123.21175,47.446725,WA,Hoodsport,98548
-123.2739,47.054419,WA,Mccleary,98557
-122.38961,48.222046,WA,Stanwood,98292
-118.829153,46.828931,WA,Cunningham,99327
-122.25064,47.90296,WA,Everett,98204
-122.88566,46.150433,WA,Kelso,98626
-122.52294,47.12562,WA,Lakewood,98439
-122.11451,47.363382,WA,Kent,98042
-117.96015,46.669207,WA,Hay,99136
-122.21602,47.304221,WA,Auburn,98002
-121.803388,47.432251,WA,Kent,98035
-121.83053,47.530639,WA,Snoqualmie,98065
-117.431742,47.653568,WA,Spokane,99228
-118.70235,47.338736,WA,Odessa,99159
-122.34675,47.630648,WA,Seattle,98109
-122.35688,47.501753,WA,Seattle,98146
-121.803388,47.432251,WA,Seattle,98114
-117.4124,47.751674,WA,Spokane,99218
-117.644337,46.838747,WA,Saint John,99127
-118.18938,47.671143,WA,Davenport,99122
-118.13247,46.866805,WA,Benge,99105
-119.3827,47.646132,WA,Coulee City,99115
-119.67175,46.922079,WA,Royal City,99357
-124.30909,48.066605,WA,Beaver,98305
-117.49326,47.632573,WA,Spokane,99224
-119.16369,46.210957,WA,Kennewick,99336
-122.113223,47.066193,WA,Tacoma,98493
-122.98043,46.156082,WA,Longview,98632
-121.803388,47.432251,WA,Seattle,98129
-122.53051,47.74878,WA,Indianola,98342
-119.28312,47.417461,WA,Stratford,98853
-118.95554,47.721863,WA,Almira,99103
-117.431742,47.653568,WA,Spokane,99220
-121.28904,46.018228,WA,Glenwood,98619
-122.63493,47.629717,WA,Bremerton,98311
-122.21792,47.943468,WA,Everett,98203
-118.2897,48.92816,WA,Laurier,99146
-120.53102,46.595248,WA,Yakima,98902
-119.45276,48.528793,WA,Riverside,98849
-120.24261,48.488543,WA,Winthrop,98862
-122.43597,48.759079,WA,Bellingham,98226
-120.694658,46.56451,WA,Yakima,98904
-118.72647,48.657684,WA,Republic,99166
-122.57894,45.671806,WA,Vancouver,98662
-122.702393,46.978118,WA,Olympia,98508
-120.60457,47.552462,WA,Peshastin,98847
-122.78376,47.085046,WA,Olympia,98516
-122.8326,46.857968,WA,Tenino,98589
-118.11361,48.174649,WA,Hunters,99137
-117.7293,46.941628,WA,Endicott,99125
-122.520347,45.801586,WA,Vancouver,98667
-119.90423,47.63205,WA,Waterville,98858
-122.44856,48.030555,WA,Langley,98260
-121.24849,47.3042,WA,Easton,98925
-123.85214,46.560786,WA,South Bend,98586
-122.53272,47.230402,WA,Tacoma,98466
-122.33366,48.486892,WA,Burlington,98233
-118.8823,46.675704,WA,Connell,99326
-122.71293,47.564437,WA,Bremerton,98312
-119.094271,46.234957,WA,Pasco,99302
-122.058644,48.534462,WA,Lyman,98263
-121.988548,48.814753,WA,Blaine,98231
-122.28394,47.808816,WA,Lynnwood,98036
-122.49518,47.26302,WA,Tacoma,98406
-122.192276,47.369098,WA,Kent,98030
-117.59149,47.642922,WA,Airway Heights,99001
-122.39392,47.57487,WA,Seattle,98116
-120.19929,47.333821,WA,Malaga,98828
-122.30539,47.790969,WA,Mountlake Terrace,98043
-122.7599,48.036882,WA,Port Hadlock,98339
-122.57159,47.43025,WA,Olalla,98359
-117.37899,47.656692,WA,Spokane,99202
-121.803388,47.432251,WA,Seattle,98124
-122.335734,48.834208,WA,Nooksack,98276
-117.431742,47.653568,WA,Spokane,99256
-121.803388,47.432251,WA,Seattle,98138
-117.7671,48.658512,WA,Colville,99114
-122.96643,48.575362,WA,Shaw Island,98286
-121.417034,48.558127,WA,Bow,98246
-119.06531,47.907923,WA,Electric City,99123
-120.993126,47.221837,WA,Roslyn,98991
-121.48418,48.509814,WA,Rockport,98283
-122.92935,47.321442,WA,Grapeview,98546
-122.520347,45.801586,WA,Heisson,98622
-122.66054,46.352771,WA,Toutle,98649
-122.71309,47.720777,WA,Silverdale,98315
-122.482076,47.264577,WA,Tacoma,98416
-117.4111,48.736168,WA,Ione,99139
-120.5614,47.541723,WA,Dryden,98821
-121.803388,47.432251,WA,Redondo,98054
-122.80359,47.027082,WA,Lacey,98503
-122.35384,47.763669,WA,Shoreline,98113
-117.43979,47.69399,WA,Spokane,99205
-122.10205,47.758786,WA,Woodinville,98072
-121.803388,47.432251,WA,Renton,98057
-118.93303,48.810894,WA,Wauconda,98859
-117.39106,48.858688,WA,Metaline,99152
-121.803388,47.432251,WA,Seattle,98181
-120.12934,47.915227,WA,Manson,98831
-118.03661,47.863857,WA,Wellpinit,99040
-122.50433,47.28392,WA,Tacoma,98407
-122.56719,46.893352,WA,Yelm,98597
-121.19784,45.726451,WA,Lyle,98635
-122.45723,48.943476,WA,Lynden,98264
-117.31689,48.504786,WA,Cusick,99119
-120.573967,46.628757,WA,Yakima,98907
-124.25814,47.32251,WA,Taholah,98587
-122.70284,45.928662,WA,Woodland,98674
-122.46599,47.248953,WA,Tacoma,98405
-119.85868,47.18227,WA,Quincy,98848
-124.05022,46.365773,WA,Long Beach,98631
-122.92262,46.493247,WA,Winlock,98596
-117.24891,48.041663,WA,Elk,99009
-122.55585,46.955863,WA,Mckenna,98558
-122.23233,47.569271,WA,Mercer Island,98040
-121.91265,47.648232,WA,Carnation,98014
-122.32253,47.63287,WA,Seattle,98102
-122.97702,47.071484,WA,Olympia,98502
-122.353089,47.185462,WA,Waller,98731
-122.66658,48.699642,WA,Lummi Island,98262
-122.33357,47.60632,WA,Seattle,98154
-117.43916,47.740491,WA,Spokane,99208
-122.567631,47.151297,WA,Tacoma,98438
-122.62554,47.702342,WA,Keyport,98345
-117.431742,47.653568,WA,Spokane,99219
-117.30668,47.668926,WA,Spokane,99212
-122.41213,47.250681,WA,Tacoma,98421
-124.16027,47.118566,WA,Copalis Beach,98535
-121.66644,47.851713,WA,Gold Bar,98251
-122.113223,47.066193,WA,Tacoma,98415
-122.702393,46.978118,WA,Olympia,98599
-123.63765,48.102836,WA,Port Angeles,98363
-122.30081,47.58577,WA,Seattle,98144
-121.97167,45.650041,WA,North Bonneville,98639
-122.62371,47.58675,WA,Bremerton,98310
-122.113223,47.066193,WA,Paradise Inn,98398
-119.47909,46.263399,WA,Benton City,99320
-117.19597,46.983768,WA,Garfield,99130
-117.57306,48.012084,WA,Clayton,99110
-122.34166,47.671346,WA,Seattle,98103
-120.794978,46.637538,WA,Yakima,98909
-122.16328,47.297285,WA,Auburn,98092
-118.10045,48.690209,WA,Kettle Falls,99141
-121.682271,48.037258,WA,North Lakewood,98259
-122.19797,47.893451,WA,Everett,98208
-124.08111,46.781978,WA,Grayland,98547
-124.64076,48.35306,WA,Neah Bay,98357
-122.87249,47.069339,WA,Olympia,98506
-122.0348,46.711036,WA,Mineral,98355
-122.17858,46.761546,WA,Elbe,98330
-122.01479,47.317802,WA,Black Diamond,98010
-117.16984,48.159752,WA,Newport,99156
-122.12547,48.841442,WA,Deming,98244
-121.803388,47.432251,WA,Seattle,98160
-122.12138,47.677471,WA,Redmond,98052
-120.46721,46.457731,WA,Wapato,98951
-118.11029,48.406582,WA,Rice,99167
-122.79736,48.100255,WA,Port Townsend,98368
-117.93432,47.50505,WA,Edwall,99008
-122.284785,47.859918,WA,Everett,98206
-122.30308,47.716648,WA,Seattle,98125
-122.24432,48.371026,WA,Mount Vernon,98274
-117.41047,47.117965,WA,Thornton,99176
-122.729304,47.687971,WA,Retsil,98378
-122.045347,47.625364,WA,Sammamish,98074
-121.14615,45.859065,WA,Wahkiacus,98670
-119.74507,46.208571,WA,Prosser,99350
-120.73348,48.494944,WA,Stehekin,98852
-121.41445,47.658047,WA,Skykomish,98288
-122.41375,48.559548,WA,Bow,98232
-123.6907,46.899189,WA,Cosmopolis,98537
-122.20222,47.986274,WA,Everett,98201
-121.803388,47.432251,WA,Kent,98064
-122.20308,47.618371,WA,Bellevue,98004
-118.95862,47.995847,WA,Coulee Dam,99116
-122.34578,47.61487,WA,Seattle,98121
-122.03553,47.381989,WA,Maple Valley,98038
-117.35892,47.614744,WA,Spokane,99223
-117.431742,47.653568,WA,Spokane,99299
-122.520347,45.801586,WA,Vancouver,98687
-119.00126,48.17266,WA,Nespelem,99155
-121.803388,47.432251,WA,Seattle,98151
-120.13051,48.359904,WA,Twisp,98856
-122.422431,47.136544,WA,Parkland,98448
-119.93088,46.834349,WA,Beverly,99321
-121.803388,47.432251,WA,Seahurst,98062
-122.27496,47.543348,WA,Seattle,98118
-119.98939,46.880413,WA,Vantage,98950
-122.1934,47.67903,WA,Kirkland,98033
-124.20789,47.254009,WA,Moclips,98562
-117.57295,46.44754,WA,Pomeroy,99347
-122.539637,47.521803,WA,South Colby,98384
-118.06417,48.664206,WA,Marcus,99151
-121.88657,47.359414,WA,Ravensdale,98051
-121.803388,47.432251,WA,Seattle,98195
-121.16835,45.632051,WA,Dallesport,98617
-117.08133,47.222328,WA,Tekoa,99033
-122.37589,47.1309,WA,Tacoma,98446
-121.47607,47.763755,WA,Baring,98224
-121.803388,47.432251,WA,Seattle,98150
-120.73874,47.728186,WA,Leavenworth,98826
-124.41188,48.181608,WA,Clallam Bay,98326
-117.63938,47.11653,WA,Saint John,99171
-122.88417,47.445292,WA,Belfair,98528
-123.60332,47.034615,WA,Montesano,98563
-117.47364,47.227436,WA,Malden,99149
-120.71232,47.087352,WA,Thorp,98946
-122.6199,47.244053,WA,Fox Island,98333
-123.02636,48.701835,WA,Waldron,98297
-118.82892,46.776386,WA,Hatton,99332
-122.113223,47.066193,WA,La Grande,98348
-120.09326,47.745842,WA,Orondo,98843
-121.988548,48.814753,WA,Bellingham,98227
-122.31577,47.196272,WA,Puyallup,98371
-122.4485,47.153571,WA,Tacoma,98444
-122.54535,47.553289,WA,Manchester,98353
-122.62193,45.8768,WA,La Center,98629
-117.94318,48.305861,WA,Addy,99101
-117.4959,47.563191,WA,Marshall,99020
-122.8388,47.374343,WA,Allyn,98524
-119.03268,47.290624,WA,Marlin,98832
-117.431742,47.653568,WA,Spokane,99260
-117.06934,47.751434,WA,Newman Lake,99025
-121.803388,47.432251,WA,Seattle,98191
-123.91732,47.026913,WA,Hoquiam,98550
-122.29411,46.06517,WA,Cougar,98616
-119.73538,48.267188,WA,Malott,98829
-124.14241,47.179475,WA,Copalis Crossing,98536
-122.63256,48.931679,WA,Custer,98240
-122.45624,46.001752,WA,Ariel,98603
-122.05255,47.155649,WA,Buckley,98321
-119.00713,47.947097,WA,Grand Coulee,99133
-120.25742,47.436898,WA,East Wenatchee,98802
-122.315,47.397521,WA,Seattle,98198
-117.22306,47.81108,WA,Mead,99021
-122.702393,46.978118,WA,Olympia,98504
-118.38258,47.460312,WA,Harrington,99134
-118.49343,47.757764,WA,Creston,99117
-120.09871,46.364164,WA,Outlook,98938
-121.85094,46.525156,WA,Randle,98377
-119.57129,47.297368,WA,Ephrata,98823
-122.69584,47.16438,WA,Anderson Island,98303
-119.911288,46.68039,WA,Desert Aire,99319
-122.68473,45.709555,WA,Vancouver,98685
-122.444335,47.253671,WA,Tacoma,98401
-122.40089,47.962134,WA,Clinton,98236
-122.68794,48.058323,WA,Nordland,98358
-121.803388,47.432251,WA,Bellevue,98009
-118.67264,46.059286,WA,Touchet,99360
-123.30578,46.569107,WA,Pe Ell,98572
-117.37449,47.432691,WA,Spangle,99031
-121.76849,47.870275,WA,Startup,98293
-122.79718,46.015873,WA,Kalama,98625
-119.4624,47.400024,WA,Soap Lake,98851
-122.113223,47.066193,WA,Longmire,98397
-122.24664,47.497971,WA,Seattle,98178
-122.91972,48.672312,WA,Eastsound,98245
-123.07403,47.33179,WA,Union,98592
-117.85558,47.197445,WA,Lamont,99017
-117.431742,47.653568,WA,Spokane,99215
-122.78309,47.336226,WA,Vaughn,98394
-119.98921,47.79955,WA,Chelan Falls,98817
-123.228797,46.843337,WA,Oakville,98468
-122.46821,47.416198,WA,Vashon,98070
-118.51457,48.977629,WA,Danville,99121
-118.399551,47.60894,WA,Lincoln,99147
-122.28112,45.594465,WA,Washougal,98671
-122.20146,48.971298,WA,Sumas,98295
-122.435478,48.725417,WA,Bellingham,98229
-121.61674,46.580048,WA,Packwood,98361
-117.644337,46.838747,WA,Pullman,99165
-117.91313,46.792982,WA,Lacrosse,99143
-122.32855,47.60252,WA,Seattle,98104
-119.35457,46.297139,WA,West Richland,99353
-122.61976,48.495234,WA,Anacortes,98221
-123.05308,46.373347,WA,Ryderwood,98581
-117.431742,47.653568,WA,Spokane,99214
-120.02966,46.177732,WA,Mabton,98935
-120.95503,47.186592,WA,South Cle Elum,98943
-117.19993,47.643346,WA,Veradale,99037
-123.09916,48.079979,WA,Sequim,98382
-122.1155,47.609222,WA,Bellevue,98008
-120.7144,46.377579,WA,White Swan,98952
-117.472694,47.951939,WA,Deer Park,99066
-122.02921,47.522828,WA,Issaquah,98027
-121.803388,47.432251,WA,Bothell,98082
-123.81923,46.972965,WA,Aberdeen,98520
-120.71558,46.662006,WA,Cowiche,98923
-119.39066,48.403174,WA,Omak,98841
-121.50689,47.84138,WA,Index,98256
-122.81372,48.63205,WA,Olga,98279
-122.34943,47.458821,WA,Seattle,98166
-121.803388,47.432251,WA,Bothell,98041
-122.48754,46.954282,WA,Roy,98580
-122.702393,46.978118,WA,Lacey,98509
-118.59088,48.810879,WA,Malo,99150
-122.57489,47.910628,WA,Hansville,98340
-122.37468,47.66747,WA,Seattle,98107
-122.66723,48.204162,WA,Coupeville,98239
-122.59122,47.854503,WA,Port Gamble,98364
-122.33651,47.821568,WA,Edmonds,98026
-122.31864,47.147862,WA,Puyallup,98373
-123.05047,48.99201,WA,Point Roberts,98281
-121.803388,47.432251,WA,Seattle,98130
-118.15325,46.138753,WA,Dixie,99329
-122.113223,47.066193,WA,Tacoma,98494
-122.1588,48.061269,WA,Marysville,98270
-122.52818,47.247735,WA,Tacoma,98465
-122.33441,47.57867,WA,Seattle,98134
-121.803388,47.432251,WA,Seattle,98060
-122.88271,48.481655,WA,Lopez Island,98261
-117.10575,46.905132,WA,Palouse,99161
-122.31737,47.248208,WA,Milton,98354
-117.282483,47.656726,WA,Spokane,99213
-122.64326,47.088719,WA,Dupont,98327
-122.222642,46.989916,WA,Kapowsin,98344
-121.487682,45.807631,WA,Husum,98623
-121.82242,48.070852,WA,Granite Falls,98252
-117.431742,47.653568,WA,Spokane,99211
-117.12007,47.703698,WA,Otis Orchards,99027
-122.729304,47.687971,WA,Burley,98322
-122.85233,47.826111,WA,Quilcene,98376
-122.60011,47.364321,WA,Gig Harbor,98332
-120.52364,47.009726,WA,Ellensburg,98926
-122.26608,47.303722,WA,Auburn,98001
-122.43726,45.935656,WA,Amboy,98601
-122.655862,48.310127,WA,Oak Harbor,98278
-122.39221,45.843674,WA,Yacolt,98675
-117.99082,47.273264,WA,Sprague,99032
-118.15884,46.209202,WA,Waitsburg,99361
-117.18352,47.554592,WA,Mica,99023
-120.25547,45.963054,WA,Bickleton,99322
-122.51035,45.604075,WA,Vancouver,98683
-124.05517,46.332077,WA,Seaview,98644
-122.864838,46.071482,WA,Carrolls,98609
-123.46828,46.296658,WA,Skamokawa,98647
-122.663954,45.678557,WA,Hazel Dell North,98655
-123.34624,46.208318,WA,Cathlamet,98612
-122.113223,47.066193,WA,Tacoma,98481
-118.09326,48.290089,WA,Gifford,99131
-124.37144,48.283826,WA,Sekiu,98381
-122.02065,47.572401,WA,Issaquah,98029
-122.35443,47.53282,WA,Seattle,98106
-121.682271,48.037258,WA,Everett,98207
-117.08202,46.516794,WA,Uniontown,99179
-122.01544,46.75523,WA,Ashford,98304
-121.286091,45.694098,WA,Lyle,98653
-121.47838,45.719294,WA,Bingen,98605
-120.61762,46.605303,WA,Yakima,98908
-117.431742,47.653568,WA,Spokane,99251
-121.803388,47.432251,WA,Auburn,98071
-117.244981,47.329704,WA,Waverly,99039
-120.48966,47.522546,WA,Cashmere,98815
-117.431742,47.653568,WA,Freeman,99015
-117.38829,47.693741,WA,Spokane,99207
-123.25649,46.84066,WA,Oakville,98568
-119.28137,46.279657,WA,Richland,99352
-122.113223,47.066193,WA,Tacoma,98447
-121.91147,45.801513,WA,Carson,98610
-123.67708,46.668744,WA,Raymond,98577
-119.10456,46.169982,WA,Kennewick,99337
-117.82325,47.889348,WA,Ford,99013
-120.56997,46.726395,WA,Selah,98942
-120.315141,46.421218,WA,Buena,98921
-122.50476,48.393063,WA,La Conner,98257
-122.26012,47.140045,WA,Puyallup,98374
-124.15607,46.983877,WA,Ocean Shores,98569
-117.4092,46.875136,WA,Colfax,99111
-122.50844,47.16632,WA,Lakewood,98499
-122.33523,47.604718,WA,Seattle,98174
-121.803388,47.432251,WA,Burton,98013
-119.23982,46.192356,WA,Kennewick,99338
-121.978279,47.741268,WA,Duvall,98319
-119.9395,48.03925,WA,Pateros,98846
-117.595751,47.55988,WA,Four Lakes,99014
-121.682271,48.037258,WA,Silvana,98287
-120.11338,47.360902,WA,Rock Island,98850
-122.55751,47.735065,WA,Suquamish,98392
-118.43136,47.107228,WA,Ritzville,99169
-117.37365,47.240334,WA,Rosalia,99170
-120.37126,47.737028,WA,Ardenvoir,98811
-120.99286,47.224876,WA,Roslyn,98941
-121.803388,47.432251,WA,Seattle,98158
-122.34461,47.733852,WA,Seattle,98133
-122.113791,47.311041,WA,Federal Way,98093
-122.76897,47.268551,WA,Lakebay,98349
-122.91828,48.594255,WA,Orcas,98280
-122.140193,47.617634,WA,Bellevue,98067
-117.2491,46.086657,WA,Anatone,99401
-117.67344,47.595572,WA,Fairchild Air Force Base,99011
-122.19702,47.71828,WA,Kirkland,98034
-122.291,47.028423,WA,Graham,98338
-122.11068,47.846083,WA,Snohomish,98296
-122.576199,47.680763,WA,Rollingbay,98061
-122.62846,45.63873,WA,Vancouver,98661
-118.55652,46.648121,WA,Kahlotus,99335
-122.95142,46.728383,WA,Centralia,98531
-122.39758,47.64767,WA,Seattle,98199
-121.88638,47.565642,WA,Fall City,98024
-120.33322,46.540842,WA,Moxee,98936
-122.22021,47.790653,WA,Bothell,98021
-122.37838,47.685919,WA,Seattle,98117
-122.63419,45.712623,WA,Vancouver,98686
-122.113223,47.066193,WA,Lakewood,98497
-119.06888,46.467186,WA,Eltopia,99330
-117.18568,47.383651,WA,Fairfield,99012
-117.81647,48.897876,WA,Northport,99157
-122.113223,47.066193,WA,Camp Murray,98430
-123.32595,46.959091,WA,Malone,98559
-123.1016,46.483547,WA,Curtis,98538
-121.5395,45.981582,WA,Trout Lake,98650
-122.30122,47.68382,WA,Seattle,98115
-122.57616,46.528282,WA,Silver Creek,98585
-119.54481,47.880616,WA,Mansfield,98830
-123.07563,48.55113,WA,Friday Harbor,98250
-122.63041,47.743302,WA,Poulsbo,98370
-122.16858,47.611021,WA,Bellevue,98005
-122.32247,47.112477,WA,Puyallup,98375
-117.08313,46.400365,WA,Clarkston,99403
-119.8857,46.726526,WA,Mattawa,99349
-121.56075,48.265483,WA,Darrington,98241
-122.51319,45.67309,WA,Vancouver,98682
-122.30118,47.66377,WA,Seattle,98105
-122.51789,45.791345,WA,Battle Ground,98604
-117.59325,47.801194,WA,Nine Mile Falls,99026
-118.21339,48.003202,WA,Fruitland,99129
-123.54788,46.561375,WA,Lebam,98554
-121.91332,45.669604,WA,Stevenson,98648
-122.21005,47.467422,WA,Renton,98055
-119.75203,48.112268,WA,Brewster,98812
-119.57656,48.343356,WA,Okanogan,98840
-121.29141,45.844123,WA,Appleton,98602
-122.113223,47.066193,WA,Tacoma,98412
-120.75703,45.846697,WA,Goldendale,98620
-123.40713,47.03575,WA,Elma,98541
-119.38169,48.9332,WA,Oroville,98844
-117.431742,47.653568,WA,Spokane,99210
-122.34517,48.337796,WA,Conway,98238
-122.69804,45.795825,WA,Ridgefield,98642
-122.976187,47.065404,WA,Olympia,98505
-124.04801,46.501781,WA,Ocean Park,98640
-117.793734,47.646148,WA,Spokane,99209
-117.176954,47.079345,WA,Belmont,99104
-117.40636,47.629091,WA,Spokane,99203
-118.3799,47.376884,WA,Mohler,99154
-123.93844,46.282397,WA,Chinook,98614
-122.29752,47.629653,WA,Seattle,98112
-122.27472,47.450321,WA,Seattle,98188
-123.98121,46.737458,WA,Tokeland,98590
-124.02626,46.554,WA,Oysterville,98641
-121.803388,47.432251,WA,Seattle,98184
-118.38466,46.044936,WA,College Place,99324
-122.113223,47.066193,WA,Tacoma,98450
-122.52023,45.627459,WA,Vancouver,98684
-122.20457,47.84311,WA,Bothell,98012
-122.57129,48.085852,WA,Greenbank,98253
-117.33776,47.707542,WA,Spokane,99217
-117.6013,48.102048,WA,Loon Lake,99148
-122.44498,47.209021,WA,Tacoma,98408
-119.08897,47.641983,WA,Hartline,99135
-122.63479,47.569167,WA,Bremerton,98337
-117.25463,47.136249,WA,Oakesdale,99158
-123.01599,46.630721,WA,Chehalis,98532
-117.29378,47.921687,WA,Chattaroy,99003
-121.988548,48.814753,WA,Bellingham,98228
-122.60562,47.301252,WA,Gig Harbor,98335
-122.29514,46.562676,WA,Morton,98356
-117.644337,46.838747,WA,Pullman,99164
-122.67573,46.871178,WA,Rainier,98576
-117.25208,46.793604,WA,Albion,99102
-118.88468,46.059013,WA,Wallula,99363
-122.69416,47.907561,WA,Port Ludlow,98365
-124.02968,46.312541,WA,Ilwaco,98624
-122.27131,47.198591,WA,Puyallup,98372
-117.96887,46.319087,WA,Dayton,99328
-121.241591,46.915735,WA,Goose Prairie,98929
-122.53508,47.65526,WA,Bainbridge Island,98110
-122.75285,47.00581,WA,Olympia,98513
-122.36178,47.309021,WA,Federal Way,98023
-119.32169,48.689509,WA,Tonasket,98855
-121.803388,47.432251,WA,Bellevue,98015
-120.41354,47.481133,WA,Monitor,98836
-122.06327,48.028355,WA,Lake Stevens,98258
-119.67687,45.922025,WA,Paterson,99345
-118.20557,48.86407,WA,Orient,99160
-122.16545,48.518653,WA,Sedro Woolley,98284
-122.14169,47.493031,WA,Renton,98059
-119.13921,47.458634,WA,Wilson Creek,98860
-119.82091,47.466573,WA,Palisades,98845
-120.02851,48.138528,WA,Methow,98834
-122.247881,48.853213,WA,Maple Falls,98266
-121.682271,48.037258,WA,Lynnwood,98046
-119.90614,46.260129,WA,Grandview,98930
-117.27054,47.52507,WA,Valleyford,99036
-122.03976,47.930902,WA,Snohomish,98290
-122.14584,47.448322,WA,Renton,98058
-122.3748,47.54687,WA,Seattle,98126
-122.69009,45.652255,WA,Vancouver,98660
-122.48668,46.50494,WA,Mossyrock,98564
-121.78899,47.86527,WA,Sultan,98294
-122.80317,48.586563,WA,Blakely Island,98222
-122.30406,47.61157,WA,Seattle,98122
-119.35637,45.960734,WA,Plymouth,99346
-117.48145,47.966471,WA,Deer Park,99006
-120.96163,45.722786,WA,Centerville,98613
-120.32881,47.425497,WA,Wenatchee,98801
-122.64915,47.559317,WA,Bremerton,98314
-121.951,47.035525,WA,Carbonado,98323
-120.08379,47.880774,WA,Chelan,98816
-122.6005,47.164965,WA,Steilacoom,98388
-122.113223,47.066193,WA,Tacoma,98431
-122.31188,47.311072,WA,Federal Way,98003
-119.68939,48.885618,WA,Loomis,98827
-118.19393,46.523206,WA,Starbuck,99359
-119.66129,47.999618,WA,Bridgeport,98813
-122.113223,47.066193,WA,Tacoma,98411
-120.41782,46.984565,WA,Kittitas,98934
-121.803388,47.432251,WA,Seattle,98190
-122.14691,47.039607,WA,Orting,98360
-122.12723,47.993436,WA,Everett,98205
-123.76506,46.370075,WA,Naselle,98638
-121.57558,45.730656,WA,Underwood,98651
-122.907649,46.985519,WA,Tumwater,98500
-117.12916,46.230508,WA,Asotin,99402
-120.46481,46.616199,WA,Yakima,98901
-121.803388,47.432251,WA,Federal Way,98063
-122.33186,47.606139,WA,Seattle,98164
-122.520347,45.801586,WA,Vancouver,98668
-122.8819,47.014718,WA,Olympia,98501
-118.2869,46.782783,WA,Washtucna,99371
-124.02938,47.463965,WA,Amanda Park,98526
-122.113223,47.066193,WA,Tacoma,98434
-123.95463,46.630051,WA,Bay Center,98527
-121.88496,47.430704,WA,Hobart,98025
-120.91733,47.19377,WA,Cle Elum,98922
-122.0451,47.106024,WA,Wilkeson,98396
-121.73254,47.483057,WA,North Bend,98045
-118.64475,48.890892,WA,Curlew,99118
-121.96222,47.7353,WA,Duvall,98019
-117.644337,46.838747,WA,Steptoe,99174
-124.1974,47.216861,WA,Pacific Beach,98571
-120.62097,46.550348,WA,Yakima,98903
-122.31514,47.546188,WA,Seattle,98108
-122.36694,47.63877,WA,Seattle,98119
-122.2328,47.626571,WA,Medina,98039
-122.30293,47.916148,WA,Mukilteo,98275
-120.12065,48.231421,WA,Carlton,98814
-121.43163,48.499159,WA,Marblemount,98267
-122.24736,47.75287,WA,Kenmore,98028
-122.89456,47.596122,WA,Seabeck,98380
-117.74582,47.858074,WA,Tumtum,99034
-122.050108,47.909511,WA,Snohomish,98291
-122.55877,47.16062,WA,Lakewood,98498
-121.09804,45.82786,WA,Klickitat,98628
-122.39835,47.296007,WA,Tacoma,98422
-122.30373,47.753019,WA,Seattle,98155
-121.70018,48.497601,WA,Concrete,98237
-122.59905,47.53587,WA,Port Orchard,98366
-122.20257,47.751471,WA,Bothell,98011
-121.803388,47.432251,WA,Redmond,98073
-120.75713,46.707735,WA,Tieton,98947
-120.94997,45.661878,WA,Wishram,98673
-123.483596,47.002178,WA,Satsop,98583
-122.62556,46.513653,WA,Salkum,98582
-121.931195,47.536015,WA,Preston,98050
-117.21699,47.665819,WA,Spokane,99216
-121.803388,47.432251,WA,Seattle,98131
-122.66162,45.647667,WA,Vancouver,98663
-124.10735,46.887187,WA,Westport,98595
-123.872972,48.18315,WA,Joyce,98343
-122.48508,48.747578,WA,Bellingham,98225
-117.74564,48.144634,WA,Valley,99181
-122.11766,46.53619,WA,Glenoma,98336
-123.017043,46.902376,WA,Littlerock,98556
-122.24463,47.26619,WA,Pacific,98047
-117.60575,47.466974,WA,Cheney,99004
-123.62473,46.302905,WA,Rosburg,98643
-122.520347,45.801586,WA,Vancouver,98666
-117.43174,47.648941,WA,Spokane,99204
-122.25932,47.388254,WA,Kent,98032
-122.35916,47.242186,WA,Tacoma,98424
-122.48034,45.73451,WA,Brush Prairie,98606
-120.520211,47.905787,WA,Wenatchee,98807
-117.13639,47.277842,WA,Latah,99018
-120.28372,45.816528,WA,Roosevelt,99356
-122.1977,48.681582,WA,Acme,98220
-122.4156,47.212421,WA,Tacoma,98404
-124.35888,47.838423,WA,Forks,98331
-123.58307,46.348706,WA,Grays River,98621
-122.40517,47.077796,WA,Spanaway,98387
-122.03318,47.640972,WA,Redmond,98053
-122.54222,48.029176,WA,Freeland,98249
-117.431742,47.653568,WA,Spokane,99258
-118.44876,46.408852,WA,Prescott,99348
-121.803388,47.432251,WA,Seattle,98132
-117.16133,46.577614,WA,Colton,99113
-122.26,47.87,WA,Lynnwood,98087
-122.06,47.75,WA,Woodinville,98077
-119.5,46.5,WA,Richland,99354
-118.3,46.1,WA,Walla Walla,99362
-122.2,47.2,WA,Bonney Lake,98391